driver_id,total_fare,avg_distance
15,84.53,15.45
42,22.58,39.36
87,40.59,25.65
34,66.7,21.51
59,31.71,21.84
28,34.7,11.33
99,101.25,41.01
100,112.28,21.22
27,90.65,42.18
17,93.72,29.8
25,170.95999999999998,15.005
92,17.21,36.24
86,20.01,7.68
81,148.48,2.57
33,101.81,10.67
48,125.7,8.44
97,38.38,24.84
84,62.83,1.87
9,75.01,24.08
88,78.5,21.96
56,45.95,38.88
37,128.42,35.82
63,48.17,33.43
83,117.43,47.97
72,148.60000000000002,24.16
74,32.69,8.26
2,79.29,21.905
80,17.3,5.98
45,89.45,3.9
