driver_id,total_fare,avg_distance
69,79.26,40.16
22,67.62,9.65
35,46.49,33.26
52,140.88,15.76
61,135.89,28.45
90,51.11,48.77
68,68.95,14.54
53,50.8,44.39
1,62.61,12.79
10,77.2,49.89
37,135.6,23.490000000000002
72,242.08000000000004,19.186666666666667
74,134.59,15.600000000000001
2,148.99,30.673333333333336
