driver_id,total_fare,avg_distance
7,222.38,34.48
54,11.57,49.47
15,196.74,16.939999999999998
64,45.48,45.945
16,27.28,13.57
31,142.35,1.24
100,172.44,20.259999999999998
27,129.44,31.369999999999997
6,145.95999999999998,24.919999999999998
90,114.21000000000001,45.88
40,253.48,23.293333333333337
25,195.70999999999998,19.1125
44,128.98,10.09
82,110.62,26.765
48,166.62,6.16
84,110.26,28.933333333333334
62,196.11,36.34
91,98.09,16.51
80,114.39,6.865
