driver_id,total_fare,avg_distance
7,99.74,41.22
64,25.24,47.62
28,135.38,15.940000000000001
43,74.34,8.42
18,136.21,41.08
70,39.99,11.94
78,5.62,37.12
6,112.91,11.47
68,85.88,11.719999999999999
41,58.9,18.24
40,128.66,12.84
63,59.33,28.765
62,73.31,32.75
