driver_id,total_fare,avg_distance
8,23.22,27.55
5,145.57,21.03
77,135.1,41.93
93,48.73,29.1
25,181.04,17.456666666666667
84,90.59,23.595
56,81.78,22.270000000000003
65,30.08,2.69
